[{
  "_id": {
    "$oid": "64bd93df6b97158dbc26f45b"
  },
  "aComment": {
    "text": "I Agree"
  },
  "to": "64bd65d96b97158dbc26f3f6",
  "op": "64bd32256b97158dbc26f3c3",
  "opname": "TheGreatestChowman",
  "post": "64bd44bf6b97158dbc26f3f1",
  "toname": "SleeperWeeper",
  "date": {
    "$date": "2022-12-30T16:21:10.100Z"
  }
},
{
  "_id": {
    "$oid": "64bd8b5c6b97158dbc26f455"
  },
  "aComment": {
    "text": "Thanks."
  },
  "to": "64bd32256b97158dbc26f3c3",
  "op": "64bd65d96b97158dbc26f3f6",
  "opname": "SleeperWeeper",
  "post": "64bd44bf6b97158dbc26f3f1",
  "toname": "TheGreatestChowman",
  "date": {
    "$date": "2022-12-31T16:21:10.100Z"
  }
},
{
  "_id": {
    "$oid": "64bd96b96b97158dbc26f46a"
  },
  "aComment": {
    "text": "It's whatever"
  },
  "to": "64bd65d96b97158dbc26f3f6",
  "op": "64bd32256b97158dbc26f3c3",
  "opname": "TheGreatestChowman",
  "post": "64bd44bf6b97158dbc26f3f1",
  "toname": "SleeperWeeper",
  "date": {
    "$date": "2023-01-02T16:21:10.100Z"
  }
},
{
  "_id": {
    "$oid": "64bd974d6b97158dbc26f470"
  },
  "aComment": {
    "text": "I don't agree..."
  },
  "to": "64bd32256b97158dbc26f3c3",
  "op": "64bd712e6b97158dbc26f40b",
  "opname": "ArcherMarcher",
  "post": "64bd44bf6b97158dbc26f3f1",
  "toname": "TheGreatestChowman",
  "date": {
    "$date": "2023-01-03T16:21:10.100Z"
  }
},
{
  "_id": {
    "$oid": "64be1a30ddf1bade622a50af"
  },
  "aComment": {
    "text": "I don't agree..."
  },
  "to": "64bd32256b97158dbc26f3c3",
  "op": "64bd65d96b97158dbc26f3f6",
  "opname": "SleeperWeeper",
  "post": "64bd3e5f6b97158dbc26f3df",
  "toname": "TheGreatestChowman",
  "date": {
    "$date": "2022-12-30T16:21:10.100Z"
  }
},
{
  "_id": {
    "$oid": "64be1b34ddf1bade622a50b6"
  },
  "aComment": {
    "text": "I really can't see that..."
  },
  "to": "64bd32256b97158dbc26f3c3",
  "op": "64bd65d96b97158dbc26f3f6",
  "opname": "SleeperWeeper",
  "post": "64bd467d6b97158dbc26f3f2",
  "toname": "TheGreatestChowman",
  "date": {
    "$date": "2022-12-30T16:21:10.100Z"
  }
},
{
  "_id": {
    "$oid": "64be1b6dddf1bade622a50b7"
  },
  "aComment": {
    "text": "Fine... let me rethink"
  },
  "to": "64bd65d96b97158dbc26f3f6",
  "op": "64bd32256b97158dbc26f3c3",
  "opname": "TheGreatestChowman",
  "post": "64bd467d6b97158dbc26f3f2",
  "toname": "SleeperWeeper",
  "date": {
    "$date": "2023-01-01T16:21:10.100Z"
  }
},
{
  "_id": {
    "$oid": "64be1bcaddf1bade622a50bc"
  },
  "aComment": {
    "text": "I guess so... sure"
  },
  "to": "64bd65d96b97158dbc26f3f6",
  "op": "64bd32256b97158dbc26f3c3",
  "opname": "TheGreatestChowman",
  "post": "64bd74076b97158dbc26f416",
  "toname": "SleeperWeeper",
  "date": {
    "$date": "2022-12-30T16:21:10.100Z"
  }
},
{
  "_id": {
    "$oid": "64be1c40ddf1bade622a50c1"
  },
  "aComment": {
    "text": "Yeahhhh"
  },
  "to": "64bd712e6b97158dbc26f40b",
  "op": "64bd32256b97158dbc26f3c3",
  "opname": "TheGreatestChowman",
  "post": "64bd717a6b97158dbc26f411",
  "toname": "ArcherMarcher",
  "date": {
    "$date": "2023-01-03T16:21:10.100Z"
  }
},
{
  "_id": {
    "$oid": "64be1c65ddf1bade622a50c2"
  },
  "aComment": {
    "text": "Ikr??"
  },
  "to": "64bd32256b97158dbc26f3c3",
  "op": "64bd712e6b97158dbc26f40b",
  "opname": "ArcherMarcher",
  "post": "64bd717a6b97158dbc26f411",
  "toname": "TheGreatestChowman",
  "date": {
    "$date": "2023-01-04T16:21:10.100Z"
  }
},
{
  "_id": {
    "$oid": "64be1cd5ddf1bade622a50c5"
  },
  "aComment": {
    "text": "Run away, run away"
  },
  "to": "64bd32256b97158dbc26f3c3",
  "op": "64bd65d96b97158dbc26f3f6",
  "opname": "SleeperWeeper",
  "post": "64bd47cf6b97158dbc26f3f3",
  "toname": "TheGreatestChowman",
  "date": {
    "$date": "2022-12-31T16:21:10.100Z"
  }
},
{
  "_id": {
    "$oid": "64be1d11ddf1bade622a50c8"
  },
  "aComment": {
    "text": "He really is good."
  },
  "to": "64bd32256b97158dbc26f3c3",
  "op": "64bd65d96b97158dbc26f3f6",
  "opname": "SleeperWeeper",
  "post": "64bd77676b97158dbc26f427",
  "toname": "TheGreatestChowman",
  "date": {
    "$date": "2022-12-31T16:21:10.100Z"
  }
},
{
  "_id": {
    "$oid": "64be1d4addf1bade622a50cb"
  },
  "aComment": {
    "text": "Worrd my dude"
  },
  "to": "64bd746f6b97158dbc26f418",
  "op": "64bd65d96b97158dbc26f3f6",
  "opname": "SleeperWeeper",
  "post": "64bd783c6b97158dbc26f42a",
  "toname": "TrickTocker",
  "date": {
    "$date": "2022-12-31T16:21:10.100Z"
  }
},
{
  "_id": {
    "$oid": "64be1d99ddf1bade622a50cf"
  },
  "aComment": {
    "text": "Sameee"
  },
  "to": "64bd712e6b97158dbc26f40b",
  "op": "64bd32256b97158dbc26f3c3",
  "opname": "TheGreatestChowman",
  "post": "64bd7a2b6b97158dbc26f42e",
  "toname": "ArcherMarcher",
  "date": {
    "$date": "2023-01-03T16:21:10.100Z"
  }
},
{
  "_id": {
    "$oid": "64be1ddbddf1bade622a50d2"
  },
  "aComment": {
    "text": "Smoooth criminalll"
  },
  "to": "64bd65d96b97158dbc26f3f6",
  "op": "64bd32256b97158dbc26f3c3",
  "opname": "TheGreatestChowman",
  "post": "64bd74ab6b97158dbc26f41c",
  "toname": "SleeperWeeper",
  "date": {
    "$date": "2022-12-30T16:21:10.100Z"
  }
},
{
  "_id": {
    "$oid": "64be1e0eddf1bade622a50d9"
  },
  "aComment": {
    "text": "Hoo hah!"
  },
  "to": "64bd746f6b97158dbc26f418",
  "op": "64bd65d96b97158dbc26f3f6",
  "opname": "SleeperWeeper",
  "post": "64bd74d56b97158dbc26f420",
  "toname": "TrickTocker",
  "date": {
    "$date": "2022-12-31T16:21:10.100Z"
  }
},
{
  "_id": {
    "$oid": "64be1e5dddf1bade622a50dc"
  },
  "aComment": {
    "text": "Let's go eat chicken curry after his class"
  },
  "to": "64bd32256b97158dbc26f3c3",
  "op": "64bd65d96b97158dbc26f3f6",
  "opname": "SleeperWeeper",
  "post": "64bd76046b97158dbc26f424",
  "toname": "TheGreatestChowman",
  "date": {
    "$date": "2022-12-31T16:21:10.100Z"
  }
},
{
  "_id": {
    "$oid": "64be1ebdddf1bade622a50df"
  },
  "aComment": {
    "text": "Happy new yearrr"
  },
  "to": "64bd712e6b97158dbc26f40b",
  "op": "64bd32256b97158dbc26f3c3",
  "opname": "TheGreatestChowman",
  "post": "64bd7bd46b97158dbc26f437",
  "toname": "ArcherMarcher",
  "date": {
    "$date": "2023-01-03T16:21:10.100Z"
  }
},
{
  "_id": {
    "$oid": "64be1ee9ddf1bade622a50e2"
  },
  "aComment": {
    "text": "A tft... what??"
  },
  "to": "64bd7b706b97158dbc26f432",
  "op": "64bd32256b97158dbc26f3c3",
  "opname": "TheGreatestChowman",
  "post": "64bd7c796b97158dbc26f43a",
  "toname": "ChoiceManor",
  "date": {
    "$date": "2023-01-03T16:21:10.100Z"
  }
},
{
  "_id": {
    "$oid": "64be1f5cddf1bade622a50e8"
  },
  "aComment": {
    "text": "Hmm... I might consider him"
  },
  "to": "64bd65d96b97158dbc26f3f6",
  "op": "64bd32256b97158dbc26f3c3",
  "opname": "TheGreatestChowman",
  "post": "64bd7d086b97158dbc26f43e",
  "toname": "SleeperWeeper",
  "date": {
    "$date": "2022-12-30T16:21:10.100Z"
  }
},
{
  "_id": {
    "$oid": "64be1f91ddf1bade622a50eb"
  },
  "aComment": {
    "text": "Sounds rough..."
  },
  "to": "64bd65d96b97158dbc26f3f6",
  "op": "64bd32256b97158dbc26f3c3",
  "opname": "TheGreatestChowman",
  "post": "64bd7eb56b97158dbc26f441",
  "toname": "SleeperWeeper",
  "date": {
    "$date": "2022-12-30T16:21:10.100Z"
  }
},
{
  "_id": {
    "$oid": "64be1fc1ddf1bade622a50ee"
  },
  "aComment": {
    "text": "Ughh... I really hate algorithms"
  },
  "to": "64bd7b706b97158dbc26f432",
  "op": "64bd32256b97158dbc26f3c3",
  "opname": "TheGreatestChowman",
  "post": "64bd7fed6b97158dbc26f448",
  "toname": "ChoiceManor",
  "date": {
    "$date": "2023-01-03T16:21:10.100Z"
  }
},
{
  "_id": {
    "$oid": "64be1ff8ddf1bade622a50f1"
  },
  "aComment": {
    "text": "Yeahhh and then they pull up an exam where had to get the GCD from shapess??"
  },
  "to": "64bd746f6b97158dbc26f418",
  "op": "64bd65d96b97158dbc26f3f6",
  "opname": "SleeperWeeper",
  "post": "64bd80976b97158dbc26f44b",
  "toname": "TrickTocker",
  "date": {
    "$date": "2022-12-31T16:21:10.100Z"
  }
},
{
  "_id": {
    "$oid": "64c93cf944ab461ab47ec1bd"
  },
  "aComment": {
    "text": "I agree with myself!"
  },
  "op": "64bd65d96b97158dbc26f3f6",
  "to": "64bd65d96b97158dbc26f3f6",
  "post": "64bd80976b97158dbc26f44b",
  "opname": "SleeperWeeper",
  "toname": "SleeperWeeper",
  "date": {
    "$date": "2023-08-01T17:12:25.251Z"
  },
  "__v": 0
},
{
  "_id": {
    "$oid": "64c94633fa8bc0a3f51d9420"
  },
  "aComment": {
    "text": "Yupp"
  },
  "op": "64bd65d96b97158dbc26f3f6",
  "to": "64bd746f6b97158dbc26f418",
  "post": "64bd80976b97158dbc26f44b",
  "opname": "SleeperWeeper",
  "toname": "TrickTocker",
  "date": {
    "$date": "2023-08-01T17:51:47.728Z"
  },
  "__v": 0
},
{
  "_id": {
    "$oid": "64c94639fa8bc0a3f51d9427"
  },
  "aComment": {
    "text": "Hm"
  },
  "op": "64bd65d96b97158dbc26f3f6",
  "to": "64bd65d96b97158dbc26f3f6",
  "post": "64bd80976b97158dbc26f44b",
  "opname": "SleeperWeeper",
  "toname": "SleeperWeeper",
  "date": {
    "$date": "2023-08-01T17:51:53.518Z"
  },
  "__v": 0
},
{
  "_id": {
    "$oid": "64c9467bfa8bc0a3f51d945e"
  },
  "aComment": {
    "text": "I dare you to dooo something!"
  },
  "op": "64bd65d96b97158dbc26f3f6",
  "to": "64bd65d96b97158dbc26f3f6",
  "post": "64bd47cf6b97158dbc26f3f3",
  "opname": "SleeperWeeper",
  "toname": "SleeperWeeper",
  "date": {
    "$date": "2023-08-01T17:52:59.472Z"
  },
  "__v": 0
},
{
  "_id": {
    "$oid": "64ca1b1eb80d12ea7d89ddc4"
  },
  "aComment": {
    "text": "I'm waiting on you again!"
  },
  "op": "64bd65d96b97158dbc26f3f6",
  "to": "64bd65d96b97158dbc26f3f6",
  "post": "64bd47cf6b97158dbc26f3f3",
  "opname": "SleeperWeeper",
  "toname": "SleeperWeeper",
  "date": {
    "$date": "2023-08-02T09:00:14.496Z"
  },
  "__v": 0
},
{
  "_id": {
    "$oid": "64ca1b28b80d12ea7d89ddcb"
  },
  "aComment": {
    "text": "Let go..."
  },
  "op": "64bd65d96b97158dbc26f3f6",
  "to": "64bd65d96b97158dbc26f3f6",
  "post": "64bd47cf6b97158dbc26f3f3",
  "opname": "SleeperWeeper",
  "toname": "SleeperWeeper",
  "date": {
    "$date": "2023-08-02T09:00:24.355Z"
  },
  "__v": 0
},
{
  "_id": {
    "$oid": "64ca1bfc248a6b231d5dbce2"
  },
  "aComment": {
    "text": "I got a feeling that it's time to let go..."
  },
  "op": "64bd65d96b97158dbc26f3f6",
  "to": "64bd65d96b97158dbc26f3f6",
  "post": "64bd47cf6b97158dbc26f3f3",
  "opname": "SleeperWeeper",
  "toname": "SleeperWeeper",
  "date": {
    "$date": "2023-08-02T09:03:56.908Z"
  },
  "__v": 0
},
{
  "_id": {
    "$oid": "64ca1c23ab9e2b1170457164"
  },
  "aComment": {
    "text": "I said so.."
  },
  "op": "64bd65d96b97158dbc26f3f6",
  "to": "64bd65d96b97158dbc26f3f6",
  "post": "64bd47cf6b97158dbc26f3f3",
  "opname": "SleeperWeeper",
  "toname": "SleeperWeeper",
  "date": {
    "$date": "2023-08-02T09:04:35.483Z"
  },
  "__v": 0
},
{
  "_id": {
    "$oid": "64ca1c88ab9e2b117045718a"
  },
  "aComment": {
    "text": "ww"
  },
  "op": "64bd65d96b97158dbc26f3f6",
  "to": "64bd712e6b97158dbc26f40b",
  "post": "64bd717a6b97158dbc26f411",
  "opname": "SleeperWeeper",
  "toname": "ArcherMarcher",
  "date": {
    "$date": "2023-08-02T09:06:16.053Z"
  },
  "__v": 0
},
{
  "_id": {
    "$oid": "64ca82d43b2c8bc0bad4202b"
  },
  "aComment": {
    "text": "Hmm yeah..."
  },
  "op": "64bd65d96b97158dbc26f3f6",
  "to": "64bd65d96b97158dbc26f3f6",
  "post": "64bd44bf6b97158dbc26f3f1",
  "opname": "SleeperWeeper",
  "toname": "SleeperWeeper",
  "date": {
    "$date": "2023-08-02T16:22:44.006Z"
  },
  "__v": 0
},
{
  "_id": {
    "$oid": "64ca88e6ff530eb4ca42a8b1"
  },
  "aComment": {
    "text": "Yup"
  },
  "op": "64bd65d96b97158dbc26f3f6",
  "to": "64bd32256b97158dbc26f3c3",
  "post": "64bd7eb56b97158dbc26f441",
  "opname": "SleeperWeeper",
  "toname": "TheGreatestChowman",
  "date": {
    "$date": "2023-08-02T16:48:38.819Z"
  },
  "__v": 0
},
{
  "_id": {
    "$oid": "64ca8a181daa4b34bd4795fd"
  },
  "aComment": {
    "text": "Very inspiring"
  },
  "op": "64bd65d96b97158dbc26f3f6",
  "to": "64bd712e6b97158dbc26f40b",
  "post": "64bd7a2b6b97158dbc26f42e",
  "opname": "SleeperWeeper",
  "toname": "ArcherMarcher",
  "date": {
    "$date": "2023-08-02T16:53:44.188Z"
  },
  "__v": 0
},
{
  "_id": {
    "$oid": "64ca8aa41a92fcba0ea22b51"
  },
  "aComment": {
    "text": "Sorry typo"
  },
  "op": "64bd65d96b97158dbc26f3f6",
  "to": "64bd712e6b97158dbc26f40b",
  "post": "64bd717a6b97158dbc26f411",
  "opname": "SleeperWeeper",
  "toname": "ArcherMarcher",
  "date": {
    "$date": "2023-08-02T16:56:04.630Z"
  },
  "__v": 0
},
{
  "_id": {
    "$oid": "64ca8aad1a92fcba0ea22b59"
  },
  "aComment": {
    "text": "This one is a typo"
  },
  "op": "64bd65d96b97158dbc26f3f6",
  "to": "64bd65d96b97158dbc26f3f6",
  "post": "64bd717a6b97158dbc26f411",
  "opname": "SleeperWeeper",
  "toname": "SleeperWeeper",
  "date": {
    "$date": "2023-08-02T16:56:13.342Z"
  },
  "__v": 0
},
{
  "_id": {
    "$oid": "64cbac0c02e1fc269ae4c225"
  },
  "aComment": {
    "text": "Lol!"
  },
  "op": "64cbabf802e1fc269ae4c213",
  "to": "64bd32256b97158dbc26f3c3",
  "post": "64bd3e5f6b97158dbc26f3df",
  "opname": "New_User",
  "toname": "TheGreatestChowman",
  "date": {
    "$date": "2023-08-03T13:30:52.144Z"
  },
  "__v": 0
}]